Manufacturer,Material,Color Name,HEX,Confidence,Source URL
IEMAI,ABS — Basic,Black,#000000,Approximation — Low (SpoolmanDB Community),https://icezaza2543.github.io/SpoolmanDB-Community/filaments.json
IEMAI,ABS — Basic,White,#FFFFFF,Approximation — Low (SpoolmanDB Community),https://icezaza2543.github.io/SpoolmanDB-Community/filaments.json
IEMAI,ABS — CF,Carbon Fiber,#232323,Approximation — Medium (3D Filament Profiles),https://3dfilamentprofiles.com/filament/details/18100
IEMAI,ABS — ESD,Black,#000000,Approximation — Low (SpoolmanDB Community),https://icezaza2543.github.io/SpoolmanDB-Community/filaments.json
IEMAI,ASA — Basic,Beige,#D1BC8A,Approximation — Medium (3D Filament Profiles),https://3dfilamentprofiles.com/filament/details/29454
IEMAI,ASA — Basic,Black,#000000,Approximation — Medium (3D Filament Profiles),https://3dfilamentprofiles.com/filament/details/20716
IEMAI,ASA — Basic,Blue,#0E78E1,Approximation — Medium (3D Filament Profiles),https://3dfilamentprofiles.com/filament/details/31531
IEMAI,ASA — Basic,Brown,#804040,Approximation — Medium (3D Filament Profiles),https://3dfilamentprofiles.com/filament/details/22682
IEMAI,ASA — Basic,Emerald Green,#4ED08D,Approximation — Medium (3D Filament Profiles),https://3dfilamentprofiles.com/filament/details/23402
IEMAI,ASA — Basic,Marina Blue,#71B4DE,Approximation — Medium (3D Filament Profiles),https://3dfilamentprofiles.com/filament/details/28750
IEMAI,ASA — Basic,Olive Green,#6F7640,Approximation — Medium (3D Filament Profiles),https://3dfilamentprofiles.com/filament/details/35419
IEMAI,ASA — Basic,Orange,#F26E02,Approximation — Medium (3D Filament Profiles),https://3dfilamentprofiles.com/filament/details/23403
IEMAI,ASA — Basic,Pink,#EFAEEA,Approximation — Medium (3D Filament Profiles),https://3dfilamentprofiles.com/filament/details/23394
IEMAI,ASA — Basic,RED,#FF0000,Approximation — Medium (3D Filament Profiles),https://3dfilamentprofiles.com/filament/details/22684
IEMAI,ASA — Basic,Silver Grey,#8A8A8A,Approximation — Medium (3D Filament Profiles),https://3dfilamentprofiles.com/filament/details/23399
IEMAI,ASA — Basic,Skin,#DDD2BD,Approximation — Medium (3D Filament Profiles),https://3dfilamentprofiles.com/filament/details/22683
IEMAI,ASA — Basic,White,#F2F2F2,Approximation — Medium (3D Filament Profiles),https://3dfilamentprofiles.com/filament/details/19836
IEMAI,ASA — CF,Matte Black,#000000,Approximation — Medium (3D Filament Profiles),https://3dfilamentprofiles.com/filament/details/12200
IEMAI,ASA — GF,Black,#000000,Approximation — Medium (3D Filament Profiles),https://3dfilamentprofiles.com/filament/details/24595
IEMAI,ASA — GF,Matte White,#F2F3F4,Approximation — Medium (3D Filament Profiles),https://3dfilamentprofiles.com/filament/details/32662
IEMAI,PA12 — Basic,Black,#000000,Approximation — Low (SpoolmanDB Community),https://icezaza2543.github.io/SpoolmanDB-Community/filaments.json
IEMAI,PA12 — Basic,Natural,#F5E6C8,Approximation — Low (SpoolmanDB Community),https://icezaza2543.github.io/SpoolmanDB-Community/filaments.json
IEMAI,PA12 — CF,Black,#000000,Approximation — Low (SpoolmanDB Community),https://icezaza2543.github.io/SpoolmanDB-Community/filaments.json
IEMAI,PA12 — GF,Black,#000000,Approximation — Low (SpoolmanDB Community),https://icezaza2543.github.io/SpoolmanDB-Community/filaments.json
IEMAI,PA6 — CF,Black,#000000,Approximation — Medium (3D Filament Profiles),https://3dfilamentprofiles.com/filament/details/11143
IEMAI,PC — Basic,Black,#000000,Approximation — Low (SpoolmanDB Community),https://icezaza2543.github.io/SpoolmanDB-Community/filaments.json
IEMAI,PC — Basic,Clear,#F0F0F0,Approximation — Low (SpoolmanDB Community),https://icezaza2543.github.io/SpoolmanDB-Community/filaments.json
IEMAI,PC — Basic,IEMAI PC Transparent,#00000000,Approximation — Low (SpoolmanDB Community),https://icezaza2543.github.io/SpoolmanDB-Community/filaments.json
IEMAI,PC — CF,Black,#000000,Approximation — Medium (3D Filament Profiles),https://3dfilamentprofiles.com/filament/details/10941
IEMAI,PEEK — Basic,Natural,#F5E6C8,Approximation — Low (SpoolmanDB Community),https://icezaza2543.github.io/SpoolmanDB-Community/filaments.json
IEMAI,PEI — Basic,Amber,#FFBF00,Approximation — Low (SpoolmanDB Community),https://icezaza2543.github.io/SpoolmanDB-Community/filaments.json
IEMAI,PEI — Basic,Natural,#F5E6C8,Approximation — Low (SpoolmanDB Community),https://icezaza2543.github.io/SpoolmanDB-Community/filaments.json
IEMAI,PEKK — Basic,Natural,#F5E6C8,Approximation — Low (SpoolmanDB Community),https://icezaza2543.github.io/SpoolmanDB-Community/filaments.json
IEMAI,PETG — Basic,Army Green,#0F3102,Approximation — Medium (3D Filament Profiles),https://3dfilamentprofiles.com/filament/details/35634
IEMAI,PETG — Basic,Black,#000000,Approximation — Medium (3D Filament Profiles),https://3dfilamentprofiles.com/filament/details/14595
IEMAI,PETG — Basic,Brown,#95806D,Approximation — Medium (3D Filament Profiles),https://3dfilamentprofiles.com/filament/details/22196
IEMAI,PETG — Basic,Clear,#F0F0F0,Approximation — Low (SpoolmanDB Community),https://icezaza2543.github.io/SpoolmanDB-Community/filaments.json
IEMAI,PETG — Basic,Metal Silver,#7C8288,Approximation — Medium (3D Filament Profiles),https://3dfilamentprofiles.com/filament/details/35635
IEMAI,PETG — Basic,Navy Blue,#21354E,Approximation — Medium (3D Filament Profiles),https://3dfilamentprofiles.com/filament/details/22832
IEMAI,PETG — Basic,Pink,#F4A4C0,Approximation — Medium (3D Filament Profiles),https://3dfilamentprofiles.com/filament/details/26810
IEMAI,PETG — Basic,Skin,#F3E9D0,Approximation — Medium (3D Filament Profiles),https://3dfilamentprofiles.com/filament/details/26297
IEMAI,PETG — Basic,White,#FFFFFF,Approximation — Medium (3D Filament Profiles),https://3dfilamentprofiles.com/filament/details/17537
IEMAI,PETG — CF,Army Green,#2C5F34,Approximation — Medium (3D Filament Profiles),https://3dfilamentprofiles.com/filament/details/22588
IEMAI,PETG — CF,Black,#000000,Approximation — Medium (3D Filament Profiles),https://3dfilamentprofiles.com/filament/details/20948
IEMAI,PETG — CF,Grey,#34383C,Approximation — Medium (3D Filament Profiles),https://3dfilamentprofiles.com/filament/details/20949
IEMAI,PETG — CF,Matte Black,#000000,Approximation — Medium (3D Filament Profiles),https://3dfilamentprofiles.com/filament/details/1804
IEMAI,PETG — CF,Orange,#AD3E00,Approximation — Medium (3D Filament Profiles),https://3dfilamentprofiles.com/filament/details/13083
IEMAI,PETG — CF,Red,#5C0700,Approximation — Medium (3D Filament Profiles),https://3dfilamentprofiles.com/filament/details/13082
IEMAI,PETG — Crystal,Transparent Yellow,#FFE066,Approximation — Medium (3D Filament Profiles),https://3dfilamentprofiles.com/filament/details/16647
IEMAI,PETG — Fluorescent,Green Glitter,#0FFF0D,Approximation — Medium (3D Filament Profiles),https://3dfilamentprofiles.com/filament/details/20412
IEMAI,PETG — GF,Black,#000000,Approximation — Medium (3D Filament Profiles),https://3dfilamentprofiles.com/filament/details/22272
IEMAI,PETG — GF,Gray,#5C5C5C,Approximation — Medium (3D Filament Profiles),https://3dfilamentprofiles.com/filament/details/15006
IEMAI,PETG — GF,White,#FFFFFF,Approximation — Medium (3D Filament Profiles),https://3dfilamentprofiles.com/filament/details/16607
IEMAI,PETG — Glitter,Blue,#0E8BE9,Approximation — Medium (3D Filament Profiles),https://3dfilamentprofiles.com/filament/details/14111
IEMAI,PETG — Glitter,Clear Blue Purple,#B18CFE,Approximation — Medium (3D Filament Profiles),https://3dfilamentprofiles.com/filament/details/4146
IEMAI,PETG — Glitter,Green,#1E8609,Approximation — Medium (3D Filament Profiles),https://3dfilamentprofiles.com/filament/details/12754
IEMAI,PETG — Glitter,Light Blue,#025F75,Approximation — Medium (3D Filament Profiles),https://3dfilamentprofiles.com/filament/details/5147
IEMAI,PETG — Glitter,Orange,#FF9200,Approximation — Medium (3D Filament Profiles),https://3dfilamentprofiles.com/filament/details/25547
IEMAI,PETG — Glitter,Red,#B01307,Approximation — Medium (3D Filament Profiles),https://3dfilamentprofiles.com/filament/details/12755
IEMAI,PETG — Glitter,Smoke Grey,#8D8985,Approximation — Medium (3D Filament Profiles),https://3dfilamentprofiles.com/filament/details/10955
IEMAI,PETG — Glow,Blue,#00BFFF,Approximation — Medium (3D Filament Profiles),https://3dfilamentprofiles.com/filament/details/21000
IEMAI,PETG — Glow,Green,#1EF901,Approximation — Medium (3D Filament Profiles),https://3dfilamentprofiles.com/filament/details/20999
IEMAI,PETG — Glow,Orange,#FBAD28,Approximation — Medium (3D Filament Profiles),https://3dfilamentprofiles.com/filament/details/22809
IEMAI,PETG — Glow,Purple,#BF40ED,Approximation — Medium (3D Filament Profiles),https://3dfilamentprofiles.com/filament/details/19908
IEMAI,PETG — High Speed,Black,#212121,Approximation — Medium (3D Filament Profiles),https://3dfilamentprofiles.com/filament/details/31292
IEMAI,PETG — High Speed,Blue,#005EBD,Approximation — Medium (3D Filament Profiles),https://3dfilamentprofiles.com/filament/details/31283
IEMAI,PETG — High Speed,Gradient Blue-Purple,#BB58BF / #285DC5,Approximation — Medium (3D Filament Profiles),https://3dfilamentprofiles.com/filament/details/27051
IEMAI,PETG — High Speed,Gray,#848484,Approximation — Medium (3D Filament Profiles),https://3dfilamentprofiles.com/filament/details/31286
IEMAI,PETG — High Speed,Green,#3E8C2A,Approximation — Medium (3D Filament Profiles),https://3dfilamentprofiles.com/filament/details/31294
IEMAI,PETG — High Speed,Metal Gold,#EEA852,Approximation — Medium (3D Filament Profiles),https://3dfilamentprofiles.com/filament/details/31289
IEMAI,PETG — High Speed,Metal Silver,#B3B3B3,Approximation — Medium (3D Filament Profiles),https://3dfilamentprofiles.com/filament/details/30465
IEMAI,PETG — High Speed,Orange,#FF7800,Approximation — Medium (3D Filament Profiles),https://3dfilamentprofiles.com/filament/details/35643
IEMAI,PETG — High Speed,Pink,#E6A0BC,Approximation — Medium (3D Filament Profiles),https://3dfilamentprofiles.com/filament/details/31288
IEMAI,PETG — High Speed,Purple,#9B00AC,Approximation — Medium (3D Filament Profiles),https://3dfilamentprofiles.com/filament/details/31296
IEMAI,PETG — High Speed,Red,#C72C2E,Approximation — Medium (3D Filament Profiles),https://3dfilamentprofiles.com/filament/details/31295
IEMAI,PETG — High Speed,Translucent Dual Color Gradient Indigo to White,#132C43 / #FFFFFF,Approximation — Medium (3D Filament Profiles),https://3dfilamentprofiles.com/filament/details/10878
IEMAI,PETG — High Speed,Transparent Gradient Red-Orange,#EF5224 / #FB798F,Approximation — Medium (3D Filament Profiles),https://3dfilamentprofiles.com/filament/details/26389
IEMAI,PETG — High Speed,Transparent Smoke Gray,#424548,Approximation — Medium (3D Filament Profiles),https://3dfilamentprofiles.com/filament/details/29128
IEMAI,PETG — High Speed,Water Blue,#50A8F7,Approximation — Medium (3D Filament Profiles),https://3dfilamentprofiles.com/filament/details/31287
IEMAI,PETG — High Speed,Yellow,#E6B42B,Approximation — Medium (3D Filament Profiles),https://3dfilamentprofiles.com/filament/details/31285
IEMAI,PETG — High Speed Matte,Matte Army Green,#024B01,Approximation — Medium (3D Filament Profiles),https://3dfilamentprofiles.com/filament/details/1803
IEMAI,PETG — Marble,Marble,#D2DAE1,Approximation — Medium (3D Filament Profiles),https://3dfilamentprofiles.com/filament/details/8831
IEMAI,PETG — Matte,Army Green,#4B5320,Approximation — Medium (3D Filament Profiles),https://3dfilamentprofiles.com/filament/details/33467
IEMAI,PETG — Matte,Beige,#DCD6B7,Approximation — Medium (3D Filament Profiles),https://3dfilamentprofiles.com/filament/details/35095
IEMAI,PETG — Matte,Black,#000000,Approximation — Medium (3D Filament Profiles),https://3dfilamentprofiles.com/filament/details/31597
IEMAI,PETG — Matte,Brown,#8E4615,Approximation — Medium (3D Filament Profiles),https://3dfilamentprofiles.com/filament/details/31936
IEMAI,PETG — Matte,Grey,#828587,Approximation — Medium (3D Filament Profiles),https://3dfilamentprofiles.com/filament/details/35093
IEMAI,PETG — Matte,Navy Blue,#07305A,Approximation — Medium (3D Filament Profiles),https://3dfilamentprofiles.com/filament/details/35096
IEMAI,PETG — Matte,Orange,#FE6530,Approximation — Medium (3D Filament Profiles),https://3dfilamentprofiles.com/filament/details/33029
IEMAI,PETG — Matte,Red,#DB1F1F,Approximation — Medium (3D Filament Profiles),https://3dfilamentprofiles.com/filament/details/35094
IEMAI,PETG — Matte,White,#FAFAFA,Approximation — Medium (3D Filament Profiles),https://3dfilamentprofiles.com/filament/details/31589
IEMAI,PETG — Matte,WOOD,#DCA76F,Approximation — Medium (3D Filament Profiles),https://3dfilamentprofiles.com/filament/details/32217
IEMAI,PETG — Metal,Gold,#FFAA00,Approximation — Medium (3D Filament Profiles),https://3dfilamentprofiles.com/filament/details/25864
IEMAI,PETG — Translucent,Blue Purple,#2409F1 / #9405E1,Approximation — Medium (3D Filament Profiles),https://3dfilamentprofiles.com/filament/details/17729
IEMAI,PETG — Translucent,Blue/Lila,#1178FF,Approximation — Medium (3D Filament Profiles),https://3dfilamentprofiles.com/filament/details/2151
IEMAI,PETG — Translucent,Clear Light Purple,#CCA7E8,Approximation — Medium (3D Filament Profiles),https://3dfilamentprofiles.com/filament/details/7005
IEMAI,PETG — Translucent,Color Gradient Purple-White,#BA77BB / #FFFFFF,Approximation — Medium (3D Filament Profiles),https://3dfilamentprofiles.com/filament/details/32659
IEMAI,PETG — Translucent,Dual Color Gradient Blue to Purple,#05AADD / #A88FE0,Approximation — Medium (3D Filament Profiles),https://3dfilamentprofiles.com/filament/details/6054
IEMAI,PETG — Translucent,Fluorescent Green,#1EFF00,Approximation — Medium (3D Filament Profiles),https://3dfilamentprofiles.com/filament/details/5116
IEMAI,PETG — Translucent,Gradient Blue to White,#58B3F3 / #FFFFFF,Approximation — Medium (3D Filament Profiles),https://3dfilamentprofiles.com/filament/details/15024
IEMAI,PETG — Translucent,Gradient Blue-Green,#52D6FC / #B1DD8B,Approximation — Medium (3D Filament Profiles),https://3dfilamentprofiles.com/filament/details/12191
IEMAI,PETG — Translucent,Gradient Green to Purple,#41B3A5 / #9D92D7,Approximation — Medium (3D Filament Profiles),https://3dfilamentprofiles.com/filament/details/14748
IEMAI,PETG — Translucent,Gradient Orange-White,#FF8000 / #FFFFFF,Approximation — Medium (3D Filament Profiles),https://3dfilamentprofiles.com/filament/details/18269
IEMAI,PETG — Translucent,Gradient Pink - Yellow,#FF80C0 / #FFFF80,Approximation — Medium (3D Filament Profiles),https://3dfilamentprofiles.com/filament/details/4109
IEMAI,PETG — Translucent,Light Pink,#F1B3F9,Approximation — Medium (3D Filament Profiles),https://3dfilamentprofiles.com/filament/details/13876
IEMAI,PETG — Translucent,Light Purple,#A694FF,Approximation — Medium (3D Filament Profiles),https://3dfilamentprofiles.com/filament/details/13571
IEMAI,PETG — Translucent,ORANGE,#C57A11,Approximation — Medium (3D Filament Profiles),https://3dfilamentprofiles.com/filament/details/17116
IEMAI,PETG — Translucent,Orange Blue,#ED8E07 / #260FD7,Approximation — Medium (3D Filament Profiles),https://3dfilamentprofiles.com/filament/details/17724
IEMAI,PETG — Translucent,Pink-Purple,#EA78ED / #713EA8,Approximation — Medium (3D Filament Profiles),https://3dfilamentprofiles.com/filament/details/15378
IEMAI,PETG — Translucent,Rainbow,#55B0F1 / #50F286 / #F59714,Approximation — Medium (3D Filament Profiles),https://3dfilamentprofiles.com/filament/details/8229
IEMAI,PETG — Translucent,Red Orange,#FF4015 / #FF6A00,Approximation — Medium (3D Filament Profiles),https://3dfilamentprofiles.com/filament/details/22917
IEMAI,PETG — Translucent,Yellow Red Blue,#EDF104 / #ED1233 / #1708E2,Approximation — Medium (3D Filament Profiles),https://3dfilamentprofiles.com/filament/details/17727
IEMAI,PETG — Translucent,Yellow Red Green,#EDF104 / #ED1233 / #08E24A,Approximation — Medium (3D Filament Profiles),https://3dfilamentprofiles.com/filament/details/17725
IEMAI,PETG — Translucent,Yellow-Green,#CCEF63 / #1EBF7E,Approximation — Medium (3D Filament Profiles),https://3dfilamentprofiles.com/filament/details/15379
IEMAI,PETG — Transparent,Amber,#FFBF00,Approximation — Medium (3D Filament Profiles),https://3dfilamentprofiles.com/filament/details/20499
IEMAI,PETG — Transparent,Blue,#254FCB,Approximation — Medium (3D Filament Profiles),https://3dfilamentprofiles.com/filament/details/4108
IEMAI,PETG — Transparent,Clear,#F0F0F0,Approximation — Medium (3D Filament Profiles),https://3dfilamentprofiles.com/filament/details/9364
IEMAI,PETG — Transparent,Clear Champagne,#F7E7CE,Approximation — Medium (3D Filament Profiles),https://3dfilamentprofiles.com/filament/details/27036
IEMAI,PETG — Transparent,Cyan,#00FFFF,Approximation — Medium (3D Filament Profiles),https://3dfilamentprofiles.com/filament/details/3709
IEMAI,PETG — Transparent,Grape Purple,#732EB8,Approximation — Medium (3D Filament Profiles),https://3dfilamentprofiles.com/filament/details/5088
IEMAI,PETG — Transparent,Green,#6EF78A,Approximation — Medium (3D Filament Profiles),https://3dfilamentprofiles.com/filament/details/4105
IEMAI,PETG — Transparent,Light Blue,#C5DFF2,Approximation — Medium (3D Filament Profiles),https://3dfilamentprofiles.com/filament/details/3979
IEMAI,PETG — Transparent,Light Brown,#EFD1AE,Approximation — Medium (3D Filament Profiles),https://3dfilamentprofiles.com/filament/details/31520
IEMAI,PETG — Transparent,Light Pink,#FF9EFA,Approximation — Medium (3D Filament Profiles),https://3dfilamentprofiles.com/filament/details/34448
IEMAI,PETG — Transparent,Red,#FB5656,Approximation — Medium (3D Filament Profiles),https://3dfilamentprofiles.com/filament/details/4106
IEMAI,PETG — Transparent,Sky Blue,#00ABFF,Approximation — Medium (3D Filament Profiles),https://3dfilamentprofiles.com/filament/details/22181
IEMAI,PETG — Transparent,Smoke Gray,#373B3F,Approximation — Medium (3D Filament Profiles),https://3dfilamentprofiles.com/filament/details/4107
IEMAI,PETG — Transparent,Yellow,#FFE066,Approximation — Medium (3D Filament Profiles),https://3dfilamentprofiles.com/filament/details/16650
IEMAI,PETG+ — High Speed,C-Black,#000000,Approximation — Medium (3D Filament Profiles),https://3dfilamentprofiles.com/filament/details/9366
IEMAI,PETG+ — High Speed,C-White,#FFFFFF,Approximation — Medium (3D Filament Profiles),https://3dfilamentprofiles.com/filament/details/9367
IEMAI,PLA — Basic,Black,#000000,Approximation — Low (SpoolmanDB Community),https://icezaza2543.github.io/SpoolmanDB-Community/filaments.json
IEMAI,PLA — Basic,IEMAI PLA Grey,#808080,Approximation — Low (SpoolmanDB Community),https://icezaza2543.github.io/SpoolmanDB-Community/filaments.json
IEMAI,PLA — Basic,Orange,#FF8000,Approximation — Medium (3D Filament Profiles),https://3dfilamentprofiles.com/filament/details/9347
IEMAI,PLA — Basic,Red,#FF0000,Approximation — Medium (3D Filament Profiles),https://3dfilamentprofiles.com/filament/details/9346
IEMAI,PLA — Basic,White,#FFFFFF,Approximation — Low (SpoolmanDB Community),https://icezaza2543.github.io/SpoolmanDB-Community/filaments.json
IEMAI,PLA — CF,Army Green,#1C4025,Approximation — Medium (3D Filament Profiles),https://3dfilamentprofiles.com/filament/details/12920
IEMAI,PLA — CF,Black,#020303,Approximation — Medium; conflicting database entries reconciled,https://3dfilamentprofiles.com/filament/details/17241
IEMAI,PLA — CF,Blue,#003052,Approximation — Medium (3D Filament Profiles),https://3dfilamentprofiles.com/filament/details/12917
IEMAI,PLA — CF,Brown,#553030,Approximation — Medium (3D Filament Profiles),https://3dfilamentprofiles.com/filament/details/12919
IEMAI,PLA — CF,Grey,#545454,Approximation — Medium (3D Filament Profiles),https://3dfilamentprofiles.com/filament/details/12918
IEMAI,PLA — Glitter,Clear Light Purple,#A47ED3,Approximation — Medium (3D Filament Profiles),https://3dfilamentprofiles.com/filament/details/23454
IEMAI,PLA — Gradient,Light Blue to Purple,#29C2F5 / #D86BFF,Approximation — Medium (3D Filament Profiles),https://3dfilamentprofiles.com/filament/details/24032
IEMAI,PLA — Gradient,Rainbow-01 Pink to Purple,#E358BC / #8171E3,Approximation — Medium (3D Filament Profiles),https://3dfilamentprofiles.com/filament/details/6056
IEMAI,PLA — Gradient,Rainbow-c Summer Breeze,#B2DD23 / #3FC99B,Approximation — Medium (3D Filament Profiles),https://3dfilamentprofiles.com/filament/details/14751
IEMAI,PLA — High Speed,Aqua Tide,#C8E0F9,Approximation — Medium (3D Filament Profiles),https://3dfilamentprofiles.com/filament/details/20637
IEMAI,PLA — High Speed,Mist Gray,#999999,Approximation — Medium (3D Filament Profiles),https://3dfilamentprofiles.com/filament/details/14009
IEMAI,PLA — High Speed Matte,Army Green,#086A01,Approximation — Medium (3D Filament Profiles),https://3dfilamentprofiles.com/filament/details/5551
IEMAI,PLA — Marble,Stone White,#E0E0E0,Approximation — Medium (3D Filament Profiles),https://3dfilamentprofiles.com/filament/details/13502
IEMAI,PLA — Rainbow,Green Begonia,#79FB0E / #72A6DA / #D282F7 / #7249E4,Approximation — Medium (3D Filament Profiles),https://3dfilamentprofiles.com/filament/details/22016
IEMAI,PLA — Silk,Copper,#831100,Approximation — Medium (3D Filament Profiles),https://3dfilamentprofiles.com/filament/details/11053
IEMAI,PLA — Silk,Gold,#C7A548,Approximation — Medium (3D Filament Profiles),https://3dfilamentprofiles.com/filament/details/10467
IEMAI,PLA — Silk,Metallic Gold,#FFD700,Approximation — Medium (3D Filament Profiles),https://3dfilamentprofiles.com/filament/details/6122
IEMAI,PLA — Silk,Pink,#FE9EFF,Approximation — Medium (3D Filament Profiles),https://3dfilamentprofiles.com/filament/details/10843
IEMAI,PLA — Silk,Pink to Yellow Gradient,#FF704D,Approximation — Medium (3D Filament Profiles),https://3dfilamentprofiles.com/filament/details/33083
IEMAI,PLA — Silk,Red,#FF0000,Approximation — Medium (3D Filament Profiles),https://3dfilamentprofiles.com/filament/details/34583
IEMAI,PLA — Silk,Red Bronze,#C85F32,Approximation — Medium (3D Filament Profiles),https://3dfilamentprofiles.com/filament/details/10466
IEMAI,PLA — Silk,Silver,#6B6B6B,Approximation — Medium (3D Filament Profiles),https://3dfilamentprofiles.com/filament/details/10465
IEMAI,PLA — Silk,Violet,#40166A,Approximation — Medium (3D Filament Profiles),https://3dfilamentprofiles.com/filament/details/10468
IEMAI,PLA — Silk Dual,Black Red,#000000 / #A34342,Approximation — Medium (3D Filament Profiles),https://3dfilamentprofiles.com/filament/details/26436
IEMAI,PLA — Silk Dual,Blue Green,#1708E2 / #37F104,Approximation — Medium (3D Filament Profiles),https://3dfilamentprofiles.com/filament/details/17728
IEMAI,PLA — Silk Dual,Blue/Silver,#0258B2 / #8E9A9A,Approximation — Medium (3D Filament Profiles),https://3dfilamentprofiles.com/filament/details/12251
IEMAI,PLA — Silk Dual,Green Silver,#919191,Approximation — Medium (3D Filament Profiles),https://3dfilamentprofiles.com/filament/details/11050
IEMAI,PLA — Silk Dual,Red Blue,#5E30EB,Approximation — Medium (3D Filament Profiles),https://3dfilamentprofiles.com/filament/details/11048
IEMAI,PLA — Silk Dual,Violet Red,#9929BD,Approximation — Medium (3D Filament Profiles),https://3dfilamentprofiles.com/filament/details/11051
IEMAI,PLA — Silk Dual,Violet Yellow,#874EFE,Approximation — Medium (3D Filament Profiles),https://3dfilamentprofiles.com/filament/details/11052
IEMAI,PLA — Silk Dual,Yellow to Green,#85F76E,Approximation — Medium (3D Filament Profiles),https://3dfilamentprofiles.com/filament/details/12124
IEMAI,PLA — Translucent,Blue,#283DCC,Approximation — Medium (3D Filament Profiles),https://3dfilamentprofiles.com/filament/details/12814
IEMAI,PLA — Translucent,Brown,#422622,Approximation — Medium (3D Filament Profiles),https://3dfilamentprofiles.com/filament/details/33869
IEMAI,PLA — Translucent,Clear,#FBFBF9,Approximation — Medium (3D Filament Profiles),https://3dfilamentprofiles.com/filament/details/12815
IEMAI,PLA — Translucent,Clear Green,#6EF78A,Approximation — Medium (3D Filament Profiles),https://3dfilamentprofiles.com/filament/details/8935
IEMAI,PLA — Translucent,Orange,#FB810C,Approximation — Medium (3D Filament Profiles),https://3dfilamentprofiles.com/filament/details/10065
IEMAI,PLA — Translucent,Red,#FB5656,Approximation — Medium (3D Filament Profiles),https://3dfilamentprofiles.com/filament/details/8366
IEMAI,PLA — Translucent,Smoke Gray,#373B3F,Approximation — Medium (3D Filament Profiles),https://3dfilamentprofiles.com/filament/details/9112
IEMAI,PLA — Transparent,Yellow,#FFFF00,Approximation — Medium (3D Filament Profiles),https://3dfilamentprofiles.com/filament/details/19872
IEMAI,PLA+/Pro — High Speed,Rainbow,#53D5FD / #F4A4C0 / #FFF76B / #96D35F,Approximation — Medium (3D Filament Profiles),https://3dfilamentprofiles.com/filament/details/18105
IEMAI,PLA+/Pro — High Speed,Rainbow-01,#E392FE / #BE38F3 / #3A88FE,Approximation — Medium (3D Filament Profiles),https://3dfilamentprofiles.com/filament/details/18106
IEMAI,PLA+/Pro — Silk,Silk Rose Pink (Magenta),#E358BC,Approximation — Medium (3D Filament Profiles),https://3dfilamentprofiles.com/filament/details/32214
IEMAI,PLA+/Pro — Silk Triple,Red Yellow Blue,#FF0000 / #FFFF00 / #0000FF,Approximation — Medium (3D Filament Profiles),https://3dfilamentprofiles.com/filament/details/30740
IEMAI,PP — Basic,Natural,#F5E6C8,Approximation — Low (SpoolmanDB Community),https://icezaza2543.github.io/SpoolmanDB-Community/filaments.json
IEMAI,PPA — CF,Black,#000000,Approximation — Medium (3D Filament Profiles),https://3dfilamentprofiles.com/filament/details/31231
IEMAI,PPS — CF,Black,#000000,Approximation — Low (SpoolmanDB Community),https://icezaza2543.github.io/SpoolmanDB-Community/filaments.json
IEMAI,PPSU — Basic,Natural,#F5E6C8,Approximation — Low (SpoolmanDB Community),https://icezaza2543.github.io/SpoolmanDB-Community/filaments.json
IEMAI,TPU — 85A,Black,#000000,Approximation — Medium (3D Filament Profiles),https://3dfilamentprofiles.com/filament/details/36330
IEMAI,TPU — 95A,Clear Smoke Gray,#CFC8CA,Approximation — Medium (3D Filament Profiles),https://3dfilamentprofiles.com/filament/details/19714
IEMAI,TPU — 95A,White,#FFFFFF,Approximation — Medium (3D Filament Profiles),https://3dfilamentprofiles.com/filament/details/26619
IEMAI,TPU — 95A HF/High Speed,Blue,#1A8CFF,Approximation — Medium (3D Filament Profiles),https://3dfilamentprofiles.com/filament/details/31284
IEMAI,TPU — Basic,Black,#000000,Approximation — Low (SpoolmanDB Community),https://icezaza2543.github.io/SpoolmanDB-Community/filaments.json
IEMAI,TPU — Basic,White,#FFFFFF,Approximation — Low (SpoolmanDB Community),https://icezaza2543.github.io/SpoolmanDB-Community/filaments.json
